,label,filename,total,100.0,150.0,200.0,250.0,300.0,350.0,400.0,450.0,500.0,550.0,600.0,650.0,700.0,750.0,800.0,850.0,900.0,950.0
0,AtlanticSalmon,Salmon_Fillet_210825101735.mzML,40372.84651002653,3790.326989430189,827.9273401729469,1758.2211957590089,1503.0575436470413,1583.5721297399589,1897.167265834444,1545.284626626718,1677.013832082489,1668.557006602574,1616.6632626313306,1680.7226264086644,1767.5978523280965,3725.2898236896617,6438.1356829442,2603.9266371379967,2097.9521073951723,2102.818247765125,2088.6123398309123
1,AtlanticSalmon,Salmon_Fillet_210825101823.mzML,41133.35669108076,3587.343971759082,850.0316711718192,2101.748554511423,1533.6871558642642,1721.8830766828012,1909.8676980773032,1588.1669293123684,1580.4608983687642,1574.123528676098,1632.5654045291706,1571.4014184519294,1753.1203202001495,3736.786986559224,6690.192319740776,2728.821915847715,2198.429268107349,2125.757258002217,2248.9683152183093
2,AtlanticSalmon,Salmon_Fillet_210825101913.mzML,23244.407678835207,2015.582066159116,489.1704328539998,1070.8802952526044,894.5381541820908,1160.305994473156,1142.1771473555582,1036.0815125188,1041.1843973096272,1006.6257749379038,1000.0665012920166,967.2328710699768,1120.301463260339,2022.7479437218328,3270.921365225016,1414.1799916551508,1168.114540686342,1200.076746508655,1224.2204803730249
3,AtlanticSalmon,Salmon_Fillet_210825102003.mzML,7509.606761749881,839.0994255920251,150.20106819262455,368.0202486058637,325.8172786558963,466.6495370473202,385.19594429861576,393.64976123580186,336.41774765498354,337.12509034302,317.7705810170492,305.0859231111735,338.4597336980754,555.5176326531804,976.8979388592004,404.7277484700869,325.3704259524015,329.3722631210729,354.2284132414908
4,AtlanticSalmon,Salmon_Fillet_210825102045.mzML,38107.47030133034,3367.988748167952,763.1756613285397,1823.1369604224697,1420.328187905566,1555.634713441617,1796.224646958882,1508.6314575283404,1550.1890168029054,1550.2506755095178,1545.4593812706823,1538.3668201121866,1650.6289658169765,3536.662167858044,6065.585213353263,2429.3576727439763,2000.660589728567,1985.0827931180108,2020.1066292628368
5,AtlanticSalmon,Salmon_Fillet_210825102131.mzML,10452.236110767615,1161.659845149517,202.510865739645,417.9827915751632,452.2739979943246,488.1110228426231,537.3329812416313,488.619934806685,482.899243944975,475.3429431802977,467.5841073776846,474.09290513843735,491.37988255496754,891.4086092463069,1351.1548553696348,633.1894859317418,489.0271917965258,465.664252853666,482.00119402378914
6,AtlanticSalmon,Salmon_Fillet_210825102213.mzML,11853.055426048337,1016.026415612868,240.10904510401204,588.1545114732074,529.7926780177015,697.9517558763908,613.0579516384597,585.4662998377513,533.7328083294894,519.0108765840176,521.9835553739348,527.3498188797378,544.3020615575168,997.5959773715192,1590.7673905444717,671.9413096450543,546.7165776792625,564.7937959794355,564.3025965435058
7,AtlanticSalmon,Salmon_Fillet_210825102643.mzML,10796.736393440411,1100.3501811192148,221.82311399798516,515.0887021978458,433.9157515405934,515.5042438980148,519.7080545167836,432.9239574995048,434.2450933312434,430.6319814168452,437.8469884431321,414.0314992313288,454.34608710428745,956.4077457557096,1705.4364378199846,676.7525050764804,517.3009149272932,517.0614248398508,513.3617107243155
8,AtlanticSalmon,Salmon_Fillet_210825102734.mzML,15714.459271576145,1305.8123670995235,302.91890464595656,757.7550524284071,657.180020955498,686.5794274687628,794.8047334029883,640.0702040155234,680.5947566581023,645.4485290675788,652.903458457529,638.3485118205871,679.5417865685467,1425.8642837507998,2471.863591800589,999.8413359475647,787.054785917323,790.9439201223499,796.933601448513
9,AtlanticSalmon,Salmon_Fillet_210825102827.mzML,12981.490522501856,1239.4431826909386,287.40587803718154,639.9842698777677,561.4384969759628,612.8190585294878,661.7204981154252,548.8946408441142,549.3954844684046,525.443778867941,530.1394917566361,504.03230636005645,561.6491177379618,1103.5661877674158,1965.26196732927,804.3706845241206,619.2906117714259,629.4813784753585,637.1534883723876
10,AtlanticSalmon,Salmon_Fillet_210825102917.mzML,3661.5606672158497,361.0886212905248,70.34421022042396,205.08121739119167,173.47926642555782,218.40370197841776,177.38127796781524,162.55083603616958,158.6775328998089,148.81015885852509,145.37288159100672,143.76048563948143,164.5818914186602,299.19846837869034,511.88211092670986,219.0236567670688,164.08389637593532,168.05089899568878,169.78955405417298
11,AtlanticSalmon,Salmon_Fillet_210825103021.mzML,4088.2859550689936,357.31544458468755,110.36606277284166,266.7870557153064,237.862124590258,243.64061016422423,236.21645945772696,201.05108095972537,199.4301286057133,190.90746528071853,191.18409316199492,181.69821487577696,182.80439605035227,285.80369162467707,450.5138446841565,218.8597492764993,182.93782022597745,176.60750980043363,174.3002032379236
12,AtlanticSalmon,Salmon_Fillet_210825103223.mzML,6248.438035683451,579.8216584225495,148.93898626895776,358.9173427349925,323.6181446729522,349.8335429688653,347.419964706879,323.6943123809008,284.73985467222644,284.57353754089183,295.73428177754346,275.41935606571326,285.7837471620373,472.7568870708409,740.7231736790868,341.56865655307325,280.8113571799845,275.54506340008925,278.53816842586804
13,AtlanticSalmon,Salmon_Fillet_210825103314.mzML,14670.221364338937,1078.3612718025845,284.00845442516857,726.2586021998954,644.3377777188886,646.9686888199411,770.3078335540324,656.5325599646105,668.3538541916736,667.8232276044032,646.550041681704,617.2006998739381,701.4208190510335,1247.8895125480722,2038.690227095732,917.3508839672362,755.3169061956415,784.4477111530546,818.4022924913274
14,AtlanticSalmon,Salmon_Fillet_210825103601.mzML,7990.153820007238,690.0172248502572,175.9757840523495,416.09871843331575,363.14458653384656,371.7943617576853,416.9472504485767,357.9366339993712,352.6516808185695,344.28179348399345,352.021061943413,327.24019885501895,365.590260865228,653.0738678998696,1116.9878508754514,478.8279642468475,396.489375584062,395.83556425555446,415.2396411038287
15,AtlanticSalmon,Salmon_Fillet_210825103657.mzML,4273.258138774948,372.1516254842281,110.68846992517446,268.49876565743807,229.74568998798625,220.80391191321127,229.6065162470747,190.32204242140736,186.99153042841445,180.53416173815927,188.64249098624865,177.47042166846683,189.73828753328743,328.29364875840537,553.870082231287,252.77187039928293,198.62401549083572,192.58142231579305,201.9231855882472
16,AtlanticSalmon,Salmon_Fillet_210825103754.mzML,6876.383206851124,654.7106635930992,170.21485972132294,434.39143189439744,350.61401943014044,310.9769536925177,385.06201239952753,334.0378938095114,328.4246039018583,327.5222178656956,317.00592186695127,311.2322546783316,323.7194960386819,505.4767506196444,784.9811939920717,381.706322838197,313.6845343685415,313.9167334837296,328.7053426569046
17,AtlanticSalmon,Salmon_Fillet_210825103851.mzML,11107.241426194652,928.4417220044704,230.241547473452,588.1127658015073,533.5920055606774,449.5958448885213,576.2441864642739,465.6238209205178,482.3536129653424,475.0632705166941,488.94568749445386,468.2866508062065,512.04486308019,964.1171520494622,1557.4279552124592,708.9031949204998,549.84267190421,554.4333105011518,573.9711636305613
18,AtlanticSalmon,Salmon_Fillet_210825103943.mzML,3730.090380674372,336.8008603235086,115.66670487407828,275.25826240615265,246.39510229653595,290.22629277145285,218.3755523655996,231.45828918311824,163.08441915417347,159.03066220098486,157.4085032548033,158.43128484270613,172.1677406254417,221.90547488894163,342.04377632853726,171.16481608514786,159.3340223177813,151.47780829845024,159.86080845695852
19,AtlanticSalmon,Salmon_Fillet_210825104044.mzML,3898.2224614234183,402.1766044696173,123.75479746177082,282.07453231074504,260.71135772160795,183.09217594307987,236.21880091885703,178.18334708281515,167.83276164696073,171.98391618731168,166.44818830218196,163.15262955409085,175.90805372314549,275.0800367897674,405.5133034356424,198.06826170337524,163.07421579737317,167.5508575632126,177.39862081186465
20,AtlanticSalmon,Salmon_Fillet_210825104237.mzML,5706.6114114435895,490.3202117105325,179.38350637274866,400.3944126969888,367.7724656393488,300.1089043689447,356.1972315694693,295.2444113964452,266.9141224981347,259.35584227941297,262.61596528017395,252.91135197947165,267.48695436038935,409.8813785399035,536.9143597024135,288.8538139485136,259.32556084587344,246.68053246016547,266.2503857946602
21,AtlanticSalmon,Salmon_Fillet_210825104521.mzML,6213.273416008846,597.4724798977375,175.7973900289947,400.2209231789967,351.4156455666013,285.165278357494,378.49272572855887,290.5405988174085,295.5236445120489,289.8247780731557,286.08786696065664,273.81316133462684,286.4617385169333,465.2344446692896,646.3229075660438,328.1792639044481,277.82752811618207,285.2473111734669,299.64572960620256
22,AtlanticSalmon,Salmon_Fillet_210825104644.mzML,4948.484566336965,437.7890256067117,112.07273174420236,336.4687459133703,289.1693306975048,231.4033444345828,276.98289922459765,225.65594942743863,217.73691958754333,213.0063958973199,222.8254237139601,212.4544891975836,222.58222877580656,384.4401672772191,569.9638713572722,274.1756498252464,232.68052527523412,237.64571142397796,251.4311569573936
23,AtlanticSalmon,Salmon_Fillet_210825104832.mzML,4160.196913060748,289.2643410086632,138.2728377800268,333.2916532015564,293.38119642387346,235.47985802277287,264.7384726694496,195.9146374007454,184.64170730916783,189.67568038969435,183.69277233804328,176.77178402363282,191.5959519764736,293.0583844749636,425.76497563587577,210.6124592986933,185.96998537933737,178.7230038966592,189.34721183111924
24,AtlanticSalmon,Salmon_Fillet_210825105130.mzML,3677.666768599216,271.97369867563253,136.8578281433085,312.7573225086774,282.41008210247503,200.5744697802456,242.1552348215204,186.39518963475172,158.09777212425308,162.05168032905942,160.16506535605384,149.61257427965106,155.8502739829985,242.06613537376631,368.398693197093,181.84371414643437,156.91434998519074,150.255225775622,159.2874583824824
25,AtlanticSalmon,Salmon_Fillet_210825105343.mzML,4636.89231676195,358.4368101656437,195.03474738356184,389.56748666840815,361.80605428956375,256.80297804095954,313.820057091787,230.08541181607555,197.28081028773997,198.9451180403601,204.83125655653024,190.81072012598648,207.47412526533972,303.47427681549743,423.2337039172816,228.4144110139024,189.4141737522463,192.64710131954908,194.81307421151683
26,AtlanticSalmon,Salmon_Fillet_210825105432.mzML,4264.957917025719,245.91312605142596,157.29385696105538,358.8270691389603,309.2776829070329,226.91384293591705,269.67461926755954,199.9911870920716,182.41939394858252,179.97250193118984,184.97754732703973,167.7200627183965,184.42486723468528,307.12555374700395,480.06874225541645,228.47939153957253,190.40187550394225,191.30175238388043,200.1748440819869
27,AtlanticSalmon,Salmon_Fillet_210825105521.mzML,5126.706630979248,308.8369837760925,160.37915456623142,402.5811575081995,365.62758748701833,254.48370056598355,319.80205442131904,246.8221454200885,226.605621111556,237.10310253911533,231.67204984298556,225.4551489636664,240.54438128609115,384.4843953336214,542.5986012917288,266.9956579350933,241.1165325095188,227.28406066095792,244.31429575998
28,AtlanticSalmon,Salmon_Fillet_210825105612.mzML,5152.565775959869,340.74602495630586,190.95238121989232,457.4847813344187,400.5339024043181,274.5874553261473,359.00652214244616,253.21351696874007,224.4874865410085,231.85638552518856,234.2155660552078,226.71279278648743,230.1517683163893,348.77572750292035,481.8567587436411,246.82452548329505,212.89941982770608,213.91273789668088,224.3480229290756
29,AtlanticSalmon,Salmon_Fillet_210825105708.mzML,4012.0328420146775,299.87291449308395,123.35991605416176,309.61789267182763,292.3736109922276,203.2755064030781,262.6996388767745,191.59877293624868,181.9704982790676,179.94961495485396,177.03368195471248,172.19985576716635,180.78000171444532,278.76735465620146,403.1489800217847,202.51004227093668,181.79267364414656,178.6740151841225,192.40787113983748
30,AtlanticSalmon,Salmon_Fillet_210825105803.mzML,2901.868001451224,201.93656088709832,127.5903133492621,259.3009937292096,245.9355241441789,180.8651998802584,204.1365988846556,152.70050571100575,117.81446300809723,120.19699356433046,119.01484208039216,113.1082127471565,117.1877224194109,178.87909639790163,266.8110094182633,132.19818017112854,122.1058808710404,123.97422368904124,118.11168049879248
31,AtlanticSalmon,Salmon_Fillet_210825110105.mzML,2554.5107824211264,142.20412070949874,124.71542901198067,261.8285863496075,225.4294445553577,186.67759244716223,172.69624108947778,136.97963511005105,103.13050250012218,94.23708738783203,106.45963665885668,98.96883763993776,109.12834283420578,148.19785159446195,224.267291279644,119.73957359344992,96.93922105488822,102.61021850482292,100.30117009976895
32,AtlanticSalmon,Salmon_Fillet_210825110608.mzML,2224.8157127696304,97.96597242355348,111.00642996174948,257.6617803332455,237.03292778821296,170.6472306965293,162.30075880397442,119.57763888713713,89.09062531785817,83.56363906192723,83.82658404313013,83.18695168990634,87.3301133492519,114.02388489093562,166.96956406322718,102.24795845573026,84.82527797539154,85.71662254387134,87.84175248399866
33,AtlanticSalmon,Salmon_Fillet_210825110703.mzML,3593.4773810136444,206.87680410345396,156.44364714315017,355.7387975981162,313.7139796253802,216.39220135239916,275.8028673076547,187.102782624488,162.0397039581477,152.8124168895209,154.99525552571163,144.73980742190966,153.2933394321706,209.3949150677226,318.0231114551092,155.8331486971242,142.04027531924052,144.26118192830938,143.973145564036
34,AtlanticSalmon,Salmon_Fillet_210825111753.mzML,4124.118411638288,241.2937138974667,135.43673651958375,333.39994570674344,305.8811199269594,242.63197178938412,273.94838624976325,219.70864591740607,199.81782500770825,195.57867177460372,190.8664542188175,181.0218316593832,198.89435445109808,273.9602214093193,378.1703807530315,198.9000696101207,181.0207488869849,186.1509392749569,187.43639458495755
35,AtlanticSalmon,Salmon_Fillet_210825111844.mzML,6657.152798159227,405.1262510319551,211.4552285704821,468.77926755321903,478.3318401119198,467.0018837909189,431.6624009498356,388.4295667898341,313.1997640920408,312.2890830579416,317.95280675320265,311.9676484413736,369.86825468534346,424.16840423981415,573.0819798303927,314.24404147558045,283.9995253929704,286.03507233977484,299.5597790526284
36,AtlanticSalmon,Salmon_Fillet_210825112032.mzML,2777.8607641252474,154.37067805727324,110.91519552809852,242.83445196169924,256.7949220754344,191.6388665888093,186.8618188362454,153.14467090995225,125.5409247570828,110.1085159934176,119.17456874672102,122.56149398362716,124.24032056143736,164.262201493066,242.20918615515825,127.74675094220903,114.0340864658296,113.11007164920532,118.31203941998076
37,AtlanticSalmon,Salmon_Fillet_210825112137.mzML,3075.239214492252,171.54972396294275,106.63681353628635,269.52880681178783,252.3098104905277,165.12176214061577,211.29833060446447,149.67505107671423,136.95550938753672,140.07986656878887,139.94920865035493,126.66249170555598,133.28849682763172,203.15604246421512,310.94161914502166,152.56427405720112,129.83207870351274,137.18567281290785,138.50365554618557
38,AtlanticSalmon,Salmon_Fillet_210825112226.mzML,2858.5625379218413,187.08700939615565,133.67823791404567,290.11971700518427,270.8727671322362,190.3130267480867,228.0662509210706,151.79930883165204,123.75929928252177,120.2411814096356,124.76633766923308,105.57487802299188,114.79318559965832,152.60318734842934,230.249525239176,115.66690960283968,105.1562611512805,105.962816973476,107.85263767416852
39,AtlanticSalmon,Salmon_Fillet_210825112314.mzML,2592.254029901206,131.34550096591312,98.93301270405452,239.32140331005888,224.30084889259095,142.4812458391225,179.78257945025427,127.596751402944,112.97869942288428,113.62590964395794,112.14558955712596,112.41158598072803,111.557302611932,163.57798820119984,249.22695752519925,131.02766113262425,110.6384907429444,113.86707435591023,117.43542816176168
40,AtlanticSalmon,Salmon_Fillet_210825112406.mzML,2984.9631778349985,182.19616576830543,135.58372385061924,308.2653242259326,290.7589873100881,190.100767032108,225.92388216305469,148.0274415240068,123.57065605175792,124.48091760831832,125.57603975857364,118.54851512939317,120.30143669587991,166.40142755121545,243.6793306264689,130.984650610896,118.24331507060188,114.4963286567638,117.82426820101465
41,AtlanticSalmon,Salmon_Fillet_210825112456.mzML,3744.457808788168,194.5651881337166,168.7356803760169,367.7064728193659,353.37283570955947,231.19582607419883,274.84402969339163,192.7043880302428,163.85367552068828,163.87655540873232,159.7978553718065,151.59598429694148,157.18574235922577,220.17306481139624,335.63521636982426,163.88202344776064,150.8003850817352,148.29847693544195,146.23440834812277
42,AtlanticSalmon,Salmon_Fillet_210825113753.mzML,5478.522839896902,268.7511142690976,213.6890127670412,505.0407319695637,452.2925150338653,316.5671419527504,394.4019761760799,292.50921268837106,235.71569720945,256.95191399391257,249.8088009922035,239.41604833406143,242.6663714879039,353.04464174358714,497.4729794026512,259.30878552008704,230.91883620152527,226.42139943227252,243.5456607224776
43,AtlanticSalmon,Salmon_Fillet_210825113841.mzML,4677.444661607154,290.17695267399154,159.54100958727312,400.5043872969208,388.3484947510461,265.06124485585264,327.5194294666946,234.8730310729743,211.5780875486256,208.34730459897887,202.8580028852942,188.4112460706021,190.8613951215126,305.8809687370808,477.854514452494,229.72787349474336,192.98880848072767,197.55470317496625,205.3572073373746
44,AtlanticSalmon,Salmon_Fillet_210825113930.mzML,5160.30668021733,351.83083310524626,174.4917798661997,410.2658684175061,394.5574124312794,276.6904548311498,343.84447203830075,259.54248297295084,221.37281171571396,215.4066516479835,213.685020960289,207.0052415615581,218.9024915505205,352.7429805692961,567.0187420270915,262.71865717773005,229.6474210324941,224.8214304970276,235.76192781499228
45,AtlanticSalmon,Salmon_Fillet_210825114015.mzML,4886.490511384283,321.0923422972362,187.7329844303656,424.0076509805922,369.28623138748975,277.86107445857886,334.40890279442976,234.3385482100158,198.69170326801853,203.23489972439853,204.09577131274816,188.2990403619423,193.06600709706836,333.2869099535103,534.7501372657459,238.87074373955883,212.3674714609097,210.56445355272385,220.53563908895129
46,AtlanticSalmon,Salmon_Fillet_210825114103.mzML,4114.261496250945,296.75647640228266,162.76415598058273,365.9965984265393,334.4092977315838,260.2074751448177,288.9462007845005,217.1810010203028,179.21102675858313,179.3597195134906,173.2743301077246,172.76189049918187,183.6465756467588,258.31362550721497,351.1123206204653,178.31604885522972,167.39167512668283,166.90931989031284,177.70375823469078
47,AtlanticSalmon,Salmon_Fillet_210825114149.mzML,5052.264591170949,257.6259151577949,172.54497223849938,401.3363126242208,375.0529411478305,261.8945100945679,338.749530402976,261.08976127758274,230.882183553086,236.24567707960887,241.14541155335223,233.13567454792772,232.73740647898788,354.9208676552337,517.0353845314634,253.2002517148626,221.93848901205124,227.7617401823626,234.9675619185408
48,AtlanticSalmon,Salmon_Fillet_210825114235.mzML,2250.348767141008,90.70128178596497,112.98974430561066,237.67468668381855,217.5020045694717,146.85425356844797,161.04597994954972,117.46572330406674,90.09425407737338,92.18950206022647,97.18862853796512,86.86123393857486,90.4205902410306,131.1399351120916,206.02426309255765,98.52210588807698,92.40962022768322,89.86690173129918,91.39805806719838
49,AtlanticSalmon,Salmon_Fillet_210825114321.mzML,4117.929942483577,221.30370777845383,180.3660518988512,349.00447675855946,348.5599532451345,280.90621601095387,280.5262877064993,212.0660185893973,159.68516142559778,171.45620476203877,169.28423264139315,165.83748880400688,195.48193488249373,265.06318258869754,394.2448391138523,193.3598632517879,169.92797716428268,175.62338352783297,185.2329623337439
50,AtlanticSalmon,Salmon_Fillet_210825114408.mzML,2312.3224587269174,107.23625399669012,85.2084477669663,219.98833566899165,201.22475166535247,140.91189452960586,162.72448082208084,120.22283999354478,101.41219025359504,98.9068561028229,99.72817547796326,94.37165691271352,104.39668793421684,137.47581615964887,218.1554533363392,111.45362340231485,100.32570099721778,103.09191968143207,105.48737402542058
51,AtlanticSalmon,Salmon_Fillet_210825114458.mzML,2796.4875822571585,164.14356875022253,129.4204649547736,282.9567748469202,266.64170878736394,190.8019261187559,217.65212595667535,150.59227254996662,118.15662792483975,117.68535457446924,113.68394215896728,113.48901267275492,118.39867807210749,147.4280598599147,219.4398825030998,117.33722915408548,110.05489778761252,106.9953248191738,111.60973076545554
52,AtlanticSalmon,Salmon_Fillet_210825114548.mzML,2203.3606153117817,87.91907771428426,111.7449945674056,229.16265158623156,220.29577406341548,149.6883738136046,166.66022077709914,116.67780748147833,93.39291333995756,96.46052925377366,90.8934537296675,90.6995716106712,92.53557018623206,115.91778083939484,181.7039962714868,96.45537487509256,86.17528815562679,87.12845109368206,89.84878595267762
53,AtlanticSalmon,Salmon_Fillet_210825114634.mzML,3280.0485365474424,113.49560131629308,170.79304699386867,426.3846792449786,385.4692237225007,223.2813633571947,272.11239869920684,179.8250486276315,127.35238976317318,126.54643610304824,127.44548555422026,116.60176604060122,123.79088714498054,162.23398496080085,256.32614338684493,130.50244786667926,115.20188893397244,111.15084794263528,111.53489688881236
54,AtlanticSalmon,Salmon_Fillet_210825115142.mzML,2973.431574240292,129.60163191954294,142.5692506790161,312.0898804052204,305.4117241740684,187.9753239640162,209.7103110411636,150.72384067652567,127.5311840676496,135.35425761745518,128.35419049753114,122.76968799819184,122.30727199439826,166.62376704884744,246.9291224260675,128.93630350952526,123.93826846725688,116.43564866870722,116.16990908510836
55,AtlanticSalmon,Salmon_Fillet_210825115240.mzML,2958.624254215464,103.55296003818512,137.85805318284605,299.3692920203716,271.8451124403948,169.64394035903615,226.46583436194604,153.142413001633,134.75281564032264,131.12877179541178,131.2839488315571,131.76161302196363,128.04593026350273,172.25597025996015,258.69383677045727,134.82962956217057,122.64428594364752,127.72707511936864,123.62277160268876
56,AtlanticSalmon,Salmon_Fillet_210825115529.mzML,3542.392553988101,187.3704495032628,149.0852866133054,336.74659921055513,314.1181495965845,196.27841491785344,264.6364053586167,187.4836205555528,153.21318370060038,162.17678770588506,155.79870367548705,148.07614320987446,151.6481150200605,209.3104149834878,318.2708104945584,164.51200556128234,147.6439518116481,147.46689352152438,148.55661854796176
57,AtlanticSalmon,Salmon_Fillet_210825115633.mzML,2971.4045680799413,154.927242209514,131.6770866284768,301.85336524730127,289.8293500188375,181.4855349949036,228.20532731873016,150.10037074706298,134.85823717281477,131.01271539836105,129.07145836512544,119.72785155460424,121.12356105919388,165.86211205316775,239.6807701312817,131.53500645877173,119.47599280453264,119.42211780276108,121.5564681144998
58,AtlanticSalmon,Salmon_Fillet_210825115725.mzML,2864.878509128504,89.71378362178802,121.57467003663382,289.940171510507,290.6320103127979,181.67018697095384,207.68770144570323,149.831942870069,129.34053566301478,134.0259584038273,125.97547927794278,127.34833418040056,126.8937928842226,162.63008698903715,228.7102773919565,132.95674108009996,115.19517255161512,123.44686677995844,127.30479715797615
59,AtlanticSalmon,Salmon_Fillet_210825115822.mzML,3700.680809727155,161.51839838425315,176.86824874764395,382.74937046004845,377.8742489876992,225.23781895282573,287.478854908864,203.24713248404797,161.8150646520502,165.35611260263013,156.44764040852024,150.36387493500456,152.99016440271268,204.35985218318035,296.58847224714657,164.59616631209906,147.5507835906302,144.88340259569532,140.75520287210333
60,AtlanticSalmon,Salmon_Fillet_210825115921.mzML,2074.972495133524,64.28483937184015,86.37353435357412,223.18617302707864,215.58886998430688,132.1178220765911,155.45352768340678,107.49399324528548,94.87916473125183,96.78492880277965,90.39565524021782,82.85534635555611,86.69074172901598,117.75928351762498,158.92516027364377,97.89703597753366,87.25881594535245,88.8092353075437,88.21836751092046
61,AtlanticSalmon,Salmon_Fillet_210825120020.mzML,2654.591950458408,121.56032586097716,104.2022276060922,281.257944571346,276.9556477244123,167.22278601154926,189.13590438367564,141.119487611046,120.6586292350059,115.9496204615371,117.06114626741972,118.44075230202004,111.1251625420106,134.97492265657644,210.85759388183732,116.39060589040784,109.6564900442407,103.68935729952194,114.33334610873204
62,AtlanticSalmon,Salmon_Fillet_210825120117.mzML,3240.0166457545733,197.8447858293851,137.58395108353525,292.2482190497865,306.61147309539047,191.83775036432695,232.91257403161651,170.64927392197202,141.65145334476932,140.30332185291712,137.83928871091106,137.3844494492567,135.734370267862,193.32715120285667,276.51592487336245,146.8852490130432,132.3283495337695,135.51811207628356,132.84094805352842
63,AtlanticSalmon,Salmon_Fillet_210825120212.mzML,2130.784961224191,62.20023369789124,87.3186295926571,230.4601567261104,211.9745834245169,139.6338583157483,162.29481928107515,117.5775717541446,96.42295968727768,92.87411247817136,96.2440081363942,89.88406223668302,94.95989957391896,112.88883945977044,163.22087301073176,92.2811289048102,97.0336479545922,88.78988648132689,94.72569050837028
64,AtlanticSalmon,Salmon_Fillet_210825120316.mzML,3871.4139511433286,166.66341443856555,193.55697413952575,354.6395462635928,335.4782479530882,221.049378355932,284.70057601804365,202.7168363680487,178.4089142693191,181.28841739023323,185.13824257420288,172.66894879439616,176.61729618622533,226.0140724686948,312.5821834247125,183.22450947859195,164.05814551057796,163.72632171979288,168.88192578978462
65,AtlanticSalmon,Salmon_Fillet_210825120417.mzML,4208.0075377532885,225.5423986514409,194.98418222665788,390.6290940899741,400.9218086414109,236.5945059165902,306.9614133551372,220.2414668324348,190.82175765489583,189.08045547167424,182.58192903023723,179.61428990109488,194.1729288984332,248.54569259470827,346.7060136825161,187.08310325969128,172.30483087400637,165.75004156270998,175.4716251096748
66,AtlanticSalmon,Salmon_Fillet_210825120547.mzML,2737.637185627529,108.18478759129842,96.14252149434316,248.51746425856817,237.14295587948075,153.7292330388127,193.45317792216284,147.94203282959754,125.11113895758434,132.47371586285774,127.28000862878092,119.86801347338525,128.02229530004132,169.27482679227822,252.2338581941952,132.4869129063554,123.1519575415948,118.53010491714195,124.0921800390495
67,AtlanticSalmon,Salmon_Fillet_210825120641.mzML,2594.289178032254,109.60761985182762,108.13132133748798,267.31616500763585,251.1036813376766,153.611559254557,197.5310176015168,141.39509340274034,108.7076616847844,117.0770794930672,116.30853611615218,110.93802324497456,114.10568022524744,139.79243761483968,213.5105815124034,120.73051717707072,105.8723910585315,105.77077016749487,112.77904194424598
68,AtlanticSalmon,Salmon_Fillet_210825120732.mzML,2402.164084658765,75.15731513500214,91.71938023964564,244.4170199180316,246.45176786674136,189.9988535195277,174.22818406909917,139.73788832355973,106.78602455203044,104.3757165572891,103.03166086776923,100.24660695609626,105.1101813776002,129.5026852116514,185.9500657572024,112.79735084473876,100.74450140649527,92.7524476446098,99.1564344116756
69,AtlanticSalmon,Salmon_Fillet_210825120824.mzML,2324.959313423469,74.82531124353409,123.06832697987556,277.03725137584297,238.01050260656055,143.6364854968019,175.24554277145276,122.43777881406416,99.33668525695572,100.22788003677852,101.4539318454068,93.52794169151142,96.37314736871024,122.02787894566688,171.10847378839165,100.99643472020728,94.02789842050214,95.2875142738902,96.33032778731604
70,AtlanticSalmon,Salmon_Fillet_210825120920.mzML,2033.3877154422053,38.61872005462647,84.07137390971185,214.36677356933345,223.91578210605329,136.5088583869965,154.18607402815525,103.76437000558956,89.94098983508296,90.74910508019208,91.81884071031116,83.12761320600316,89.79588314582033,113.32620052102024,167.1104575657045,89.32683881311421,81.90102063741847,88.30665634999232,92.55215751707954
71,AtlanticSalmon,Salmon_Fillet_210825122243.mzML,2844.8854346903804,89.02392347653708,138.58692864860808,312.97771183197784,311.62608455984747,187.306411249974,223.19771098083757,154.7842164498809,117.766351156341,124.4523826339289,117.21178034310071,109.05841396511585,111.72862008971718,155.67880640534574,244.8319944248862,124.37812495520149,106.64359895603536,104.177820907119,111.45455365592636
72,AtlanticSalmon,Salmon_Fillet_210825122452.mzML,2800.7815974431774,133.18962342540425,120.18144669248946,270.9298642899148,264.4296525424151,165.5012855570574,215.60590312165877,150.6544190915357,120.97500129878765,121.45886556242095,110.59333671519576,115.98131315685296,121.46913185590893,167.46139958007785,255.2821277530661,130.95340462054455,108.690019470481,111.49267087349538,115.93213183587108
73,AtlanticSalmon,Salmon_Fillet_210825122539.mzML,2447.6425327558213,68.91939753293991,84.4623926281929,257.5752569757694,239.8079280350662,146.75503848392233,178.35457332806232,120.20490752509244,108.09903375145504,105.97091788351167,109.40132634018585,103.38354757233374,103.07450918691788,146.21875879284192,243.45905511406556,118.58186984980438,108.59656258921278,102.02087172751328,102.75658543893394
74,AtlanticSalmon,Salmon_Fillet_210825122628.mzML,2194.401224210528,114.94073830048242,81.11479204751195,239.97376052212152,207.25255654533413,134.99136047425645,157.70728941232477,114.60802495046364,95.85503454924928,97.97509134081382,88.86949476519105,90.29425800643652,85.53538199308768,119.7198080451171,191.76546859372385,103.5811169323866,91.69530980316492,87.92303708248456,90.59870084637758
75,AtlanticSalmon,Salmon_Fillet_210825122718.mzML,2440.4429699938382,93.06856801112492,115.76861158637772,263.9031775510157,266.2281676685706,155.843086241376,191.47822592801435,121.433868464151,105.3547809299876,104.30290354752997,107.14177533902456,96.32626364239894,99.89437373542856,125.32585200840433,203.5152498626932,102.45982763216966,93.03750042933152,93.71098712244536,101.64975029379464
76,AtlanticSalmon,Salmon_Fillet_210825122808.mzML,2910.3939844471493,118.71923304597536,112.2991434077422,275.3991394919529,258.3861151140338,177.80385907772506,196.0198338703734,150.92633895696736,127.14303901151372,134.69072865378152,130.21137042410143,132.835845169864,139.50247351593796,177.92714341349514,239.10750146620725,140.5205493904984,134.30701176949785,126.29250310283864,138.3021555646439
77,AtlanticSalmon,Salmon_Fillet_210825122902.mzML,1955.14599359656,48.10378833611807,84.68443049788473,178.23382588470565,169.5490260542466,121.79643396874005,137.94686724107353,102.93979231490265,95.01032405726576,93.073299716354,90.13410403621366,95.63346233971572,93.66406419059052,115.85843593457967,159.89774605880814,96.38454580879858,89.50049137771819,87.511952276634,95.22340350221104
78,AtlanticSalmon,Salmon_Fillet_210825122951.mzML,2162.581901213452,84.41676511367162,104.87689511113696,223.48566475213,230.7875757958392,148.43141021917282,160.71754826827097,113.35467123794491,93.34972836264544,89.19205355330804,90.7239749681574,91.95408650509977,97.18126017719236,114.93072999707766,149.08466585375405,94.84401014841217,90.40025046053236,91.28295341680764,93.56765727229858
79,AtlanticSalmon,Salmon_Fillet_210825123041.mzML,1975.3232207073447,44.644090394179024,82.79110211730004,217.10870448537972,222.12028162814343,121.33137473504456,143.6818525817563,101.0761620706204,86.66374663963325,84.68066851614856,90.32560120376488,84.88096348643666,84.54748773834713,112.46867264447916,160.90384077314027,90.95669603236308,83.5643874897508,75.63516159020307,87.94242658065502
80,AtlanticSalmon,Salmon_Fillet_210825123130.mzML,3319.7815189304947,128.6971133351326,146.41940845392998,337.6765146115892,281.33161694612744,187.2177668310737,239.34583109006704,167.39649535105315,140.68605167651634,150.7601327982132,147.33224188105368,132.9028439305964,146.0505039827267,207.54169144071935,321.838540366053,160.09713140680694,138.9379288424699,140.82889754125168,144.72080844511453
81,AtlanticSalmon,Salmon_Fillet_210825123217.mzML,1726.9794826050647,49.255466639995575,68.03343199690184,167.82831434860375,174.783774125739,113.10842934394717,135.0685152898104,95.14778249982552,77.04741100442331,80.09310374990939,85.90348673637568,71.26821163236623,75.65791191571998,95.47454687607458,140.64980169748296,78.01318670563609,78.56531810841345,69.48568753723269,71.59510239660702
82,AtlanticSalmon,Salmon_Fillet_210825123306.mzML,2121.556521134358,52.2218744456768,86.23164703448614,230.13949171824268,230.2274470015647,142.97608714198026,169.60023055987637,118.81219124560933,97.38532077937217,95.16874293313052,88.59417433219849,86.19504036500162,93.05583596369064,108.97135452449766,165.12849152705186,92.64380110741116,83.97015261403426,89.34476277205695,90.8898750684761
83,AtlanticSalmon,Salmon_Fillet_210825123355.mzML,2412.224985103533,79.05864689747492,94.5478878378868,241.9456101355227,220.45088029528424,138.93716663176485,167.3347149120573,121.41702383717126,103.36502556442848,108.11707242012837,103.8768539220662,101.66804126274128,106.86206422171028,152.09290557705165,238.33693364646163,117.13964942199726,106.73705231478291,105.73905386714064,104.5984023378623
84,AtlanticSalmon,Salmon_Fillet_210825123447.mzML,2409.609302823628,80.32033145427704,108.6328941364137,245.0498588973151,238.56202506224773,134.36580971484906,170.54861110290267,125.9045900342818,105.83973881520892,106.02457134534244,108.75011108453532,102.43361720414651,102.91341996349682,140.9030000681081,216.06852717213687,113.684410793743,101.05898341738876,101.7326721678189,106.81613038941478
85,AtlanticSalmon,Salmon_Fillet_210825123531.mzML,2923.836021225604,126.5985836982727,137.06183036764463,317.7171181879843,283.403714783401,171.94312098599136,212.82366967050177,150.14966022277747,128.10915605472874,131.16187827197126,129.94874294670674,123.10305439761468,125.6805936068062,163.63478587272485,223.28247085789425,129.05266644221217,120.8016514492765,123.3776708162226,125.98565259287194
86,AtlanticSalmon,Salmon_Fillet_210825123618.mzML,2607.7807681780478,82.97132567564647,127.86997595628104,266.7559485957862,282.2213628792629,161.15714903723418,193.91093792444136,131.73400392891477,113.96083540684522,114.07218654932386,118.18205997447544,108.49932961168008,114.66036696744293,149.47984727907786,194.79051788254185,118.46151079018864,106.74695321370125,107.44090695849692,114.86554954670687
87,AtlanticSalmon,Salmon_Fillet_210825123707.mzML,4464.390408454477,155.82143897811574,194.54674202558544,386.44263300135657,363.8576986277764,255.42272187881684,307.6991527910564,236.8828777970525,203.492712878273,207.7668054825945,208.3825882666297,202.0461576626265,216.0572537018001,294.1789461797075,387.836366135709,231.14079725773013,198.49254587273904,202.95804692945572,211.36492298745247
88,AtlanticSalmon,Salmon_Fillet_210825123753.mzML,3450.666262280949,90.4118589858214,169.52880991129643,314.2317756449194,316.8215583967859,192.83955753644457,252.2522091209672,169.02544367849512,149.36118873843793,157.17679555323576,155.89024458980057,153.7863524915977,162.0883429266351,220.14740674694883,295.22269188276783,176.74585627601917,154.52504534987617,154.61452923677814,165.99659521412138
89,AtlanticSalmon,Salmon_Fillet_210825123839.mzML,2376.0751028687446,59.91148081421852,106.63923838734628,221.3368015905466,251.83909274409356,137.7890485231774,165.39127432383145,120.06027675030924,106.6126286763398,107.1545856562528,108.93607409004936,106.50456616818396,104.10324665942596,140.86316486043754,202.0117545296036,112.38993979277328,110.8463479209134,103.90318854075052,109.78239284049124
90,AtlanticSalmon,Salmon_Fillet_210825123932.mzML,2322.62835616868,49.90826900800069,107.8216900998638,241.04637595429705,240.15300729993248,150.88790991594996,177.80564703766805,122.4875969807721,103.05028137493188,103.2300642951819,102.84610876171156,97.86435802550864,99.85575079528388,132.7863948252794,183.3442404037176,111.87782428105488,95.6719808508957,96.9168232761058,105.0740329825246
91,AtlanticSalmon,Salmon_Fillet_210825124115.mzML,3336.072838535837,144.53108031551042,148.36776063839594,328.51448706714865,300.9059195272889,179.8446659981072,246.90939059590184,171.05633041174778,151.41688925866325,149.98938689037973,146.7854329229355,142.52597813004175,143.20870660420567,203.86643139944368,295.80421691265576,155.2026721470816,136.4412872368474,140.93381451185112,149.76838796763002
92,AtlanticSalmon,Salmon_Fillet_210825124208.mzML,1992.4856384103448,44.40741927425067,88.66876139442127,205.9710458151491,219.2904715242113,127.24732031365556,145.3582013779315,107.623096170185,91.19308667415592,92.50975494864171,91.10586017737462,88.53752819796344,89.05143629031029,105.14311703577044,151.94098825208127,90.68399358440467,87.2357274518666,83.796997861599,82.72083206637208
93,AtlanticSalmon,Salmon_Fillet_210825124255.mzML,2619.746413531547,117.87113096316656,111.29499402443568,250.54957867839485,284.65123698708163,157.800405039634,181.30709557186373,130.89702809105896,116.56124748245308,113.64421800436564,112.44482742738086,111.08370589053408,107.89050795085905,149.8479098044181,214.3201277197811,123.6935676275437,113.00443156124189,110.07913891346132,112.80526179387267
94,AtlanticSalmon,Salmon_Fillet_210825124343.mzML,2951.0279610194125,99.24162829915684,147.12303246259688,292.14066147005747,292.7772922640131,175.50864881510006,217.7373516483061,155.3009390446422,132.8600433496464,133.2004956078064,136.78567956382298,122.8450353060064,121.96173951140354,172.18563765629352,239.960961942352,136.63246773580232,123.49756619173344,122.7446756245986,128.52410452607356
95,AtlanticSalmon,Salmon_Fillet_210825124429.mzML,2288.6842293264767,74.42895817756653,113.97239485184352,234.7131035968973,220.36787767493203,140.78208215297195,178.08319222197673,121.52700246868864,106.6988757483204,101.552554588295,105.58815257506052,96.24759532815284,99.20595518841856,123.8479970848345,174.73858885801133,101.57796390151266,98.57548939220138,97.80456607495756,98.971879441835
96,AtlanticSalmon,Salmon_Fillet_210825124520.mzML,2202.856132529271,79.00714034835498,97.17278778354326,213.783546260163,207.2804445412769,124.75261139177178,161.74903775256757,120.66485438834002,99.65081937777704,108.12828993404597,100.87396672754214,95.2322330495204,94.92877387876766,126.37702221290084,182.09815057279164,104.72575884776036,98.02171544217695,91.65017855802158,96.75880146194876
97,AtlanticSalmon,Salmon_Fillet_210825124607.mzML,2520.185487254485,79.46798872947693,89.58011809190116,251.3511161615064,228.34276828858577,161.23260822844384,175.6380332390034,149.94126535151236,114.25131337523275,111.98008591784098,106.73018382355669,117.0542607265519,115.15130831940152,146.76184175313313,217.87979929453843,124.2331789392394,111.86568305065708,106.22909786540802,112.4948360984952
98,AtlanticSalmon,Salmon_Fillet_210825124702.mzML,2710.6776055685896,82.04600900411606,125.80790509581566,269.25946053908643,255.9012750174475,159.226054405394,203.7872137218913,142.56841153542385,121.31603300260927,121.98978165235988,126.903901302218,116.96581676423595,117.30278455852724,157.77138795987648,231.0191910733881,123.40388056846662,115.50562570097742,117.20946498680982,122.69340867994606
99,AtlanticSalmon,Salmon_Fillet_210825124754.mzML,2362.6359543418,43.43450699249904,107.10387122262092,250.73537493344247,241.19073965794573,142.36721960923427,183.864395301396,119.0781092917616,109.25582796336153,110.06545485189363,103.8948877778464,106.329062583113,107.41849971268296,132.21018458445337,182.054348123486,108.05954191494908,104.62882008392852,105.65352265076648,105.29158708641872
0,BasaFillet,Basa_Fillet_210825133804.mzML,4505.0604546113545,145.28938780228293,230.5442497701872,380.9848328722319,359.3484386338409,241.95013613644016,222.95533008085377,146.8014355624792,214.99248514052815,100.37023689034244,142.70313185280455,100.32974286033446,171.56057092299773,503.9685906946827,822.9029965279848,264.283082772635,154.40495990940695,134.57312533174394,167.09772084957805
1,BasaFillet,Basa_Fillet_210825134158.mzML,6687.770602912017,350.2943907042344,313.0433175280712,483.5409108565388,537.2163445301729,340.066828610087,327.85333037493336,205.83437980122167,197.44189693746355,136.2571964607995,154.17590395431418,133.01887949358172,247.42196813764423,825.4359892269866,1312.8985056902395,417.71468389385126,253.3223249387749,200.3376768101862,251.89607496291725
2,BasaFillet,Basa_Fillet_210825134258.mzML,4580.557499716802,202.8548106054465,224.39871831990425,376.82738148973976,380.81870741297627,241.3670982289916,237.44992543413144,156.865714362058,130.9324039880332,105.82145785374742,115.21216696769734,103.9389045363878,176.64447172823526,511.6513170767305,826.9427806287744,279.5990959503593,172.4618896955541,146.75407669696995,190.01657874106544
3,BasaFillet,Basa_Fillet_210825134350.mzML,10523.911791156668,695.3699162224926,371.423305635995,662.8867064369788,746.9031049902237,594.8866157198472,513.9508960234043,378.24893989771726,310.86049169862,271.5940054469497,291.5167075917484,280.47574411868726,466.0872864591698,1236.2827134540787,1735.5236592593594,646.40005891028,445.203068410758,401.7861798210104,474.5123910593465
4,BasaFillet,Basa_Fillet_210825134444.mzML,5687.249987078756,254.17905873854957,291.6687814417339,480.9662196901252,511.776264718532,286.7656245330737,318.45845576102954,189.75355759836697,193.01486597079156,128.71301536531774,141.06697007154975,119.14690154127584,206.20837233657505,611.2801040061257,1041.298085617269,341.1411031902417,202.35905351175464,162.85797567553928,206.59557731090467
5,BasaFillet,Basa_Fillet_210825134539.mzML,7499.41868002063,461.5570389449596,328.3430586366856,595.5960477153764,705.0162555000776,403.0217684982971,400.9955997008179,250.10210862627065,266.211449116022,158.3760412379402,177.61402834017875,147.13875352123202,257.71951045348027,811.7250352551721,1352.568564478603,431.70881164326994,258.9491950281692,217.60477037813956,275.170642945938
6,BasaFillet,Basa_Fillet_210825134639.mzML,6082.801679489536,355.8813363055388,276.6804759789296,563.665107981097,597.8024394286776,340.5206816218229,352.67192267953305,208.2062579402627,146.30340338523922,126.8530465590318,138.2745075170013,129.97499545233234,211.88519616890912,626.4680999865627,1057.5222059692555,341.4115329289814,211.38328781911335,184.7040330074614,212.59314875978453
7,BasaFillet,Basa_Fillet_210825134733.mzML,6410.903936939413,417.4300710280736,288.508414817867,590.6478961424433,615.9134975367288,346.67882182782466,389.4056955329502,230.7745161154845,156.76991074726644,135.13466087974834,145.76710156119893,135.84800633911428,214.45084330735608,658.5604995143777,1096.7768024580312,351.2026500686029,216.9529799322159,187.2435476932297,232.838021436899
8,BasaFillet,Basa_Fillet_210825134953.mzML,10654.428246866855,576.3152229229609,477.7035997378148,955.30241814282,966.809828791458,557.7563065095237,606.830386402431,366.7342613075765,282.189813821502,232.700365270195,250.51272905195657,235.7410507802168,375.6928021684381,1140.5502020601043,1880.8786748090645,628.8840319906752,391.731004222035,328.921884065146,399.17366481293647
9,BasaFillet,Basa_Fillet_210825135050.mzML,5551.568604973946,364.8110017855962,260.258483598535,507.3550542591348,525.0376635033829,315.8416352103083,339.2995065985279,200.2285073841933,146.87639332138758,132.46965182980315,130.29716473233032,124.47553143253904,197.44459539012172,526.4093451564673,899.853925371146,312.94559431367213,194.54608805487203,173.11484871779967,200.30361431412985
10,BasaFillet,Basa_Fillet_210825135219.mzML,8469.714119650835,637.7192250986895,378.1583427316012,729.1046843233116,788.276210094342,470.2951528454112,504.1718015274956,309.97282085915987,215.70467739922856,188.5299796790568,192.0770378800028,181.09282073623652,292.4127828245122,834.7410247259728,1427.0731075375784,468.6912932127969,292.9624429824439,249.8598996497451,308.8708155432487
11,BasaFillet,Basa_Fillet_210825140454.mzML,6228.452089522777,481.6894428710144,290.9867271080849,531.666800652559,578.8909429437656,335.36229357021733,374.5706269796856,222.8323900266475,158.32463799817913,152.8104234293762,154.058626592051,143.417383158337,213.53095924044248,580.0902935516104,1034.4602496824157,346.0841809467381,219.79574231874264,190.50858371544348,219.3717847374663
12,BasaFillet,Basa_Fillet_210825140549.mzML,5122.077915311348,368.9548866609732,222.67332040132987,445.6513713181433,478.01676612382136,295.83135572555096,321.3075997176828,198.93421455548128,134.8569829500808,143.19533744810684,136.43226541242038,126.92115851252352,178.84744043649488,454.8378850542049,799.0684437517567,267.7437509582972,186.08762076688436,177.81404439372244,184.90347112387377
13,BasaFillet,Basa_Fillet_210825140636.mzML,6137.090330059631,482.68120128313706,264.6337305855184,511.6152020355033,585.2990901836439,318.0198444527849,357.7023862909452,224.92067698414428,131.24842743631618,158.736950531241,168.92596657593478,151.5529491777385,223.77361519508975,561.0842063292513,985.510002473609,339.5370319446435,247.2425363188584,204.7800435601989,219.82646870107232
14,BasaFillet,Basa_Fillet_210825140814.mzML,5830.508524091786,504.65553642710046,211.5935660177753,468.22659604730217,515.7595811333919,332.31740254039505,376.8840585672255,232.98734700291897,164.4626734158065,170.97657647579666,169.05679884233743,182.2793039514326,212.266933089764,458.3205663986745,802.9574741595517,316.71546759258746,263.2673038580048,222.19044654853835,225.59089202318248
15,BasaFillet,Basa_Fillet_210825140905.mzML,5494.1474247022,307.5404567690123,232.52680380180547,450.5434553060903,480.2325151716415,318.6329043868552,317.6403732956184,215.98358517707572,173.4943570383468,171.54266612522633,165.06997209604077,164.69707690376617,227.19658918011905,504.91412936098686,793.9022144866307,304.9263077011344,225.40273112255556,210.00311188136584,229.8981748979286
16,BasaFillet,Basa_Fillet_210825141159.mzML,10370.940684788846,496.8533444125028,323.49054086596243,557.0189424150449,640.1021580576455,587.9669920166748,503.8198193432708,463.3980837528602,489.55949805572567,406.8078591110274,473.24990105823474,446.8813922923842,544.543190984128,940.0003019288914,1260.876100990859,626.4374121508529,554.6646404616117,496.15626829265545,559.1142385985132
17,BasaFillet,Basa_Fillet_210825141950.mzML,3858.663848799896,204.8448855638504,119.55393432776135,295.892612860269,326.927553258936,188.3846822388266,186.914167572879,155.6532391949891,146.54006459970284,137.15784235392985,145.00068058738657,125.07948064347408,204.5218327689933,335.3443875164552,478.1560750656861,233.73525253873945,196.46906092267372,185.49244399101332,192.99565279432983
18,BasaFillet,Basa_Fillet_210825142035.mzML,3031.2588601477546,139.18774049480757,185.9603589574496,325.404684162944,299.2703560257429,169.0677640950915,183.4883963996905,120.85063950228904,148.78381793661094,80.34143080962797,96.80367198672548,82.7025317779905,106.79795356571046,226.98905365225892,410.21865652555897,149.27540501353414,111.8270453942108,87.21220369203623,107.07715015547453
19,BasaFillet,Basa_Fillet_210825142129.mzML,2634.616322344185,95.03573814034463,115.49625454743703,293.6997143668873,254.70772626107595,146.62687199382142,161.700036350351,110.25109627495394,125.6054085553836,72.65675292884845,88.78274547279614,77.2897622323666,96.08485387324912,200.35079974383729,378.3243320391955,136.6782291372403,99.89075832477523,89.67959629211845,91.75564580950382
20,BasaFillet,Basa_Fillet_210825142217.mzML,4979.22287699709,339.8543028056622,217.9324249685284,484.7876599833799,490.6842751843806,282.8939468658593,311.57129710842725,191.4621132963757,156.01513265255412,142.55200459878117,163.37519337057554,143.98432012492,186.9721829420636,403.7215999952222,697.805500059949,262.04372412925954,180.11571958313,175.410076292392,148.04140303562826
21,BasaFillet,Basa_Fillet_210825142311.mzML,3571.7904399001745,212.32575981815657,199.9704427929152,380.6805124918001,370.9950541562655,200.0338159095327,227.02889300799905,144.31357472042532,119.61443760634316,89.3434031973692,102.79941797990315,84.11399422151597,114.96525616841228,292.1364161812211,527.480707787809,176.02562322725532,117.32375906126924,104.04509892136358,108.59427265061748
22,BasaFillet,Basa_Fillet_210825142402.mzML,3819.294317121775,295.8329428414504,173.83295595929735,336.4192415250196,381.0771938830626,217.04671627637816,247.69276120052757,159.80397155260823,144.08758191626524,84.53768988527614,118.51241808496528,79.62814442158849,139.5736915661043,304.6995406666866,550.1479503649244,192.1327592809504,136.74006619182168,121.02840511250768,136.5002863923409
23,BasaFillet,Basa_Fillet_210825142451.mzML,3483.6715286246786,205.4925171415011,139.6484018848056,367.8657827593117,337.36702044920787,228.641837552364,258.2434959796834,154.27385841207,116.16665627947047,77.06752841990848,103.95135672550998,75.94590665364683,142.84093804042212,271.0493455413897,455.528767058958,172.72811145569037,140.23123560628844,115.03102393060678,121.59774473384331
24,BasaFillet,Basa_Fillet_210825142550.mzML,2749.2422994554186,128.57099021474522,111.20971682071684,284.54511033019304,283.8172100773367,180.99375229698865,174.659439028057,126.78597206273253,92.42663148862692,71.44021578746998,71.94577109596749,71.25793972696131,96.88334235807848,222.36339789332976,377.618077278063,148.41616993988546,94.22953467945,107.01606246938702,105.06296590742934
25,BasaFillet,Basa_Fillet_210825142638.mzML,3358.034668956619,299.4537117481232,155.25470725695294,302.5710216021726,357.5939656981098,193.71429265521348,191.77550759911765,132.76770534442406,109.29390219276088,107.24361110738477,99.79566294873688,95.89104169712692,117.14565514025894,241.87461210043853,430.6271024040482,163.61193744566305,126.80107606631222,102.46198371539808,130.1571722343764
26,BasaFillet,Basa_Fillet_210825142733.mzML,3598.585994919053,247.1440628369649,132.553157889843,383.0364105501346,328.8908682854948,186.4342884228489,238.61347188876024,154.7808076712593,107.223158486306,82.2635440914908,106.1160801493194,120.7889994260292,124.76447641433448,270.6877513078622,470.5120430732569,209.14793901178683,146.1702338159395,140.90450178517958,148.55419981224296
27,BasaFillet,Basa_Fillet_210825142824.mzML,3341.0739907713414,286.77848949035007,151.3476208209991,296.2065463450362,295.701253793848,180.41627924805704,210.89198034117948,162.16109995022168,84.10077614993067,117.20468201880747,126.99371155119806,97.36148030896484,109.81526071240128,241.76069072284272,414.37203074318376,183.0980944464119,134.74599632431378,122.99604251649995,125.12195528709576
28,BasaFillet,Basa_Fillet_210825142914.mzML,5112.297447087402,385.73114777406056,189.7536459150296,372.6649912605269,436.51349826387,292.2063003298102,375.3293983822125,221.5872053224172,165.38311215107962,179.49053875934632,185.77212702898044,178.98265183880227,209.53524832425185,394.6322743769444,639.7804139779031,273.4833259105801,222.263688334614,171.00171628063984,218.18616285633448
29,BasaFillet,Basa_Fillet_210825143012.mzML,2253.9990526882666,121.3539250890414,77.35616620381673,205.0434549900274,220.8067324589117,132.27106984994455,134.96562665091753,101.68735370913872,81.25943026008983,79.72886055377408,77.53556601872805,76.12205738387564,94.47343967959866,170.86769591039888,280.1427224342731,118.69901543967428,98.77516265998486,90.84855690953924,92.06221648653214
30,BasaFillet,Basa_Fillet_210825143253.mzML,3473.7089836560303,257.6193955918153,114.0816018728983,282.2116563361091,272.0135196924634,188.62878467003017,195.2670952947213,138.02509720215534,122.08661245540414,117.1452180532734,120.68795778285114,123.5472487340047,139.05432836533765,310.15274405303506,472.1260131817245,184.06567824351023,148.60100748676408,141.86213938291496,146.53288525701836
31,BasaFillet,Basa_Fillet_210825143349.mzML,2390.806363260386,190.31948265433311,73.96204538685936,218.1713101439533,254.42703067719245,126.58038806034386,170.86984333179012,95.16792585293288,79.77508537164505,72.34234471653762,79.66104366116592,79.62075974483614,92.41055556199828,171.82420642861615,308.9817424418123,116.16775003723885,85.75614747182348,84.56948445753956,90.19921725976796
32,BasaFillet,Basa_Fillet_210825143548.mzML,4227.625578935497,379.3086912333965,171.09575559553647,351.5175945749577,371.9252343576098,249.2351153486186,281.3064359107089,144.7916142527539,123.65156938412191,152.1901379967948,121.62170240785204,102.78921169934132,172.86531902618978,325.402657369748,544.3713811206512,233.3270382176458,180.06446545512108,177.03028746582984,145.1313675186195
33,BasaFillet,Basa_Fillet_210825143639.mzML,2058.445080881807,122.95588970184326,74.96092692613603,177.87001459371473,185.48581893410943,121.82968204640872,107.81574946369702,87.30774652446244,84.08903899746262,78.64648657507881,78.97143503217372,76.16807492736501,88.32149463254183,166.98751644232428,231.33725109679972,105.73682974148362,93.55028423924644,89.7232076992883,86.68763330767106
34,BasaFillet,Basa_Fillet_210825143935.mzML,2839.18178895039,178.4247097770373,79.89450767834983,214.5548806099729,235.87804370369935,138.92388403283837,165.25476002264116,120.82855189712387,120.100791727648,110.55488621422418,97.1856751650839,112.45226828668012,119.57691153488416,250.71201653369576,359.74317184608867,151.69387970162325,132.42742379095057,125.39648006480512,125.5789463630429
35,BasaFillet,Basa_Fillet_210825144656.mzML,2067.01839593202,111.41434609889984,54.73668324947357,165.1807566976045,167.25341253190763,115.71147458855177,109.95549793329047,89.44467683305677,86.08303922939984,81.0263831466905,87.78816730521409,76.44048213993999,95.76691908885272,176.6214625513225,253.00812269973144,107.29091809896468,95.35688742987624,94.66942869547184,99.26973761377128
36,BasaFillet,Basa_Fillet_210825144747.mzML,2518.808660371673,236.004353582859,107.7641628563404,238.3462977587704,258.6789518909709,126.07173700869345,157.17891220750573,94.53346022264977,88.98148801446172,68.65476336820643,75.43424572396304,76.83858291249602,80.28684048700383,184.4397816762692,347.66185415968704,122.87663284020763,88.70150208749659,83.01995973247597,83.33513384161583
37,BasaFillet,Basa_Fillet_210825150002.mzML,2143.840778455208,152.7302734653155,93.07019153237344,193.2458276951597,203.72303680099893,121.52470133027116,130.55927329580703,84.19893452567827,75.4209842887218,71.74240542734205,71.14480743226954,71.08596174450534,82.89244196809831,164.3492590391705,277.45802945601804,110.38860015624424,81.3050814632802,79.5078613342299,79.49310749972393
38,BasaFillet,Basa_Fillet_210825150044.mzML,1478.8880515937828,70.13952660560608,34.060352901617684,127.4437331846782,158.7767222825497,80.63271235378961,95.87137608989782,60.95523326529398,60.75746417348348,49.93976614446868,51.68720465969472,50.60105812797399,61.37759631125614,111.9600825272484,188.4934037692157,76.79492807894812,72.51046191109465,67.41765562287182,59.468773584094464
39,BasaFillet,Basa_Fillet_210825150145.mzML,2316.267483435184,178.77468713124594,88.61611452698708,216.85706770926245,234.63181675162056,122.6059635713847,133.83109529132562,88.6859411137553,81.1849127366778,76.6996643196027,77.91521354482238,67.29245942146437,82.7749107521807,178.80933798666746,310.76370473304127,121.58321064857616,89.53689064920191,83.01908245308563,82.68541009428226
40,BasaFillet,Basa_Fillet_210825150236.mzML,3266.580799624116,217.7702279408773,109.8446497440338,287.3884187216796,316.5299321728894,190.90220077883717,167.65984558249178,145.39290941603156,109.54387914693574,134.1102677918138,94.70894241033275,89.58618837041622,136.7695615272522,271.1791195663982,400.0515835159228,175.12608363730348,141.53728977760562,138.08939682536223,140.39030269793182
41,BasaFillet,Basa_Fillet_210825150329.mzML,1773.1348417538468,141.12136300404867,62.95018773277601,128.87086255734874,152.5974807845248,91.21272801560812,90.88054916878494,75.56312930936124,69.73631184095188,66.93463881423733,64.35998671160506,64.21163965564826,78.67269648696819,143.94624437187144,228.30710726926907,98.04345144746736,77.01492511948581,62.64172685698708,76.06981260690311
42,BasaFillet,Basa_Fillet_210825150427.mzML,3088.719034965977,238.7922179798285,143.46802620490394,248.05728829071424,242.90740713330987,148.1757837844317,170.79953930054995,123.87255236485947,105.88447092074274,106.27522234466942,105.84763122344272,123.59449812464044,128.3474006796097,257.24119243686056,397.7896405117603,162.58424452051267,129.78334332453215,123.948148152965,131.35042766764263
43,BasaFillet,Basa_Fillet_210825150519.mzML,2246.5512098837053,216.6499965588252,68.83591311176619,218.5581522122735,218.3272681267252,111.22231790112556,141.980837856403,93.7296364612545,70.53603250084107,73.35768994730775,70.23272038009546,71.58238148536036,84.81168960764187,168.00705289050958,278.00019906539194,107.91034663231648,84.61075397010919,82.29014644945143,85.90807472630637
44,BasaFillet,Basa_Fillet_210825150609.mzML,2176.1150808287807,132.87867323557538,58.63432116877465,193.88071887399252,195.1505746891092,109.0598104308558,117.87102965705814,105.89652847683298,90.39845788900814,84.90357105614298,87.26063558829851,88.51407660313862,86.58894694578318,168.3660127357808,264.56258236449844,113.4647140237336,96.22967507427146,91.8067334430564,90.64801857286976
45,BasaFillet,Basa_Fillet_210825150701.mzML,2457.890862782122,189.2789865930875,74.48864326874416,184.16455210852843,198.89033002011325,114.347990765437,144.2576846441794,105.1214430395713,105.0940058421877,99.42859438559654,103.02498917087055,99.85326528418032,102.6342647490585,193.8100151030848,288.2627037350764,129.4812076844687,110.01229379207004,107.2462558264879,108.49363676937888
46,BasaFillet,Basa_Fillet_210825150854.mzML,1996.61065302262,127.31870073080064,56.802547117074326,154.5326917784555,167.93123855371067,94.98001082498274,116.49848712247916,82.89804884090344,79.51177539033883,73.19970344448495,79.5382259666816,76.60217064107502,99.54805642601352,162.90533905538845,242.94948629428805,109.42810912716251,93.98768536880615,86.81842135047754,91.1599549894973
47,BasaFillet,Basa_Fillet_210825151216.mzML,2055.872487918932,188.08550089597705,56.64029947774751,163.31342158591934,169.24673218659947,100.7334113539435,108.56255591900604,79.57784895158383,76.07210768560097,82.27912980545523,77.50418021853524,84.02644785683398,86.44999362279964,161.65279021442902,241.71366693149616,107.59319032798044,96.61384750416607,85.67482714427945,90.13253623657866
48,BasaFillet,Basa_Fillet_210825151341.mzML,2121.171007438902,186.8591221968333,45.05104849735896,145.6839245833575,140.39463171868135,86.12615971651259,147.24042421187838,109.70605636463736,101.80227784465858,72.27008731875003,77.63773871305646,89.07392188546824,79.96712984420616,176.3177381269925,268.99556113609805,104.27774248841789,118.91349924398251,83.95236398693241,86.90157956108001
49,BasaFillet,Basa_Fillet_210825151434.mzML,2035.0904809353397,172.65554648637772,47.44884397586186,176.28186029195786,160.60453128212632,88.3597405300598,126.0534452372858,73.87997745591306,71.5065215313132,100.29239818281036,64.54310320354874,64.68882818557053,103.04715862530875,170.34164737814967,254.78247913642815,118.22442502489274,80.69429031469649,81.66891411008831,80.0167699829498
50,BasaFillet,Basa_Fillet_210825151525.mzML,2002.2000044613249,176.69418470064798,65.1984333296617,155.38158537646137,166.25720678453493,103.20206480612978,107.17252662316106,86.76114296982743,65.91904374858282,73.79010783969919,74.5497212044445,70.57369210571264,81.91377358922414,161.13639323449956,243.37715465967847,111.08644170238736,86.82280040148805,83.09102843188606,89.27270295329787
51,BasaFillet,Basa_Fillet_210825151628.mzML,1773.023868434094,58.064410507678986,35.823303620020546,140.28385002414387,162.899615305946,99.24118502565793,94.4086275268586,83.44079687450407,77.96596261806904,80.02896052575078,86.04540391878326,65.54606081406591,89.51936856522946,136.56811574523786,217.11255019889276,94.74708260966304,86.59127581320891,84.78193514220303,79.95536359817987
52,BasaFillet,Basa_Fillet_210825153229.mzML,3247.1218674774555,217.21940009792647,159.2343389874413,210.2604173024704,251.63658116780115,231.59375265508055,178.83275148024128,141.17912876088326,156.16934693387591,118.7177841346481,128.98362551428346,131.32584304084736,145.39386216561107,261.82945153657266,339.5478210972432,156.26761419977163,148.67119011206776,129.13219754544826,141.126760745241
53,BasaFillet,Basa_Fillet_210825163040.mzML,3703.099683209273,220.0236187179883,149.8795464355967,286.6959459664399,326.8791989000016,278.389619311792,202.300617729734,178.27648462195992,134.70670902036483,127.20153647606772,126.94975271033718,134.46026604572418,165.19008482776064,299.3057514926869,423.61802925192814,176.1443881945896,167.83327652094013,149.0130340518087,156.23182293355347
54,BasaFillet,Basa_Fillet_210825163510.mzML,2511.755682574038,34.077937841415405,187.62866174379985,250.20169939053437,300.4120523335078,139.87474200674598,152.84337088073116,99.86763603036395,136.52589177582857,71.77874826394574,96.20233466574705,78.10832129286395,96.4420550974054,171.27271962131508,285.3945068295592,116.91401549374116,102.50496054362516,96.69999176384864,95.00603699905986
55,BasaFillet,Basa_Fillet_210825164003.mzML,1678.5025946058674,14.307003378868105,38.53613546490669,175.11788405974707,168.02619309321284,75.87903295395867,103.74416742722195,67.92878159445428,192.42956452439557,56.56866521371735,86.75878014419091,52.78265455109732,65.87356896942013,110.63138771286616,172.39037804834757,89.68989296233644,68.32549132184572,68.82573538059624,70.68727780468443
56,BasaFillet,Basa_Fillet_210825164101.mzML,2614.768562585402,64.80817953745523,124.77780011265706,240.92170403677795,245.9823825003489,158.41010226364511,173.10195280757588,117.1810928743391,122.77631692114312,97.04214406227248,105.41127933865764,101.8824387072356,115.99901777766458,174.21478194195635,279.0759533630394,141.89632762908622,123.66433722866287,112.21083810115738,115.41191338172736
57,BasaFillet,Basa_Fillet_210825164156.mzML,3563.817932919214,151.2774779200554,210.08958426117897,374.4046185437821,402.9831874203046,211.26337569181104,236.0293126126684,145.70677292139547,112.05594893877011,94.50038048959114,95.39639212561929,90.40587385149206,112.70393009939544,283.9493754729472,505.2403501093682,182.28089156934297,126.24622803184344,108.72083428985697,120.56339856979064
58,BasaFillet,Basa_Fillet_210825164251.mzML,2201.9262037068497,66.4530415137609,107.2362895111243,281.46735939000337,255.1618248210024,128.34373480526958,148.54054306869924,88.02559775750316,68.47714203162163,64.67420435524078,70.72382604243695,58.74279219929189,71.48268706595107,147.96918951267205,284.72350523861627,113.60052719719802,84.19359636023717,78.50637150442675,83.60397133179417
59,BasaFillet,Basa_Fillet_210825164414.mzML,2551.2461987171696,127.82932299375534,136.2041691641013,245.9129436274369,279.4051400242728,155.93596167918602,166.1439807015752,106.83382246598256,81.54179495860512,76.01952050946991,76.1841486038013,75.6337867611847,92.11020524161928,186.06027687041933,344.62286952636026,124.48687646895776,96.45395338147571,88.48989429091309,91.37753144805326
60,BasaFillet,Basa_Fillet_210825164506.mzML,2650.6806518374574,119.322920024395,131.4474220861991,236.90226207905343,259.8135574748012,177.1956682682392,160.59863587437985,107.9644547398084,90.17830373251503,96.96349887151844,87.96500263306604,86.82805177967492,106.2118041745308,207.99997416854416,324.2276667410066,139.3892029565876,109.95745283309704,103.32497129746535,104.38980210257527
61,BasaFillet,Basa_Fillet_210825164606.mzML,2225.38299661907,60.22994911670685,105.16873749693237,236.0615082652796,223.246220551522,155.37591747689132,153.53390534052045,91.23125063520578,107.9036067786426,68.10313918672784,80.0738129797995,64.33325313235088,75.87128172093598,159.69291903729157,279.7731603040161,114.57978987953898,91.17490581445236,76.39782953699525,82.63180936526057
62,BasaFillet,Basa_Fillet_210825164821.mzML,2953.747827464349,91.41325002908708,293.0651399697575,413.8073081373223,310.7367781553692,155.521415844729,174.5716451676258,99.407910257689,103.39227457295556,78.37414622640244,76.36169353674237,82.51396009557347,90.5003923828442,211.81456133891035,355.9695378428959,132.72408401931253,103.36879829787016,88.51574193131592,91.68918965794666
63,BasaFillet,Basa_Fillet_210825174707.mzML,2417.7246887202136,87.9285007317861,173.5657448073228,289.4618847841308,274.15487303280554,112.17022599344963,160.9658133127195,90.12832259961247,88.67620063731016,80.85159080588963,70.35808599703405,69.70694552391976,78.62823422749662,168.94739857350552,305.9919288708812,113.68393615946684,90.5645433112264,77.46802814657559,84.47243120508035
64,BasaFillet,Basa_Fillet_210825174755.mzML,2402.2600065618576,81.12987740834554,140.79682059089345,240.2749562904475,280.274443696674,140.6586056960788,141.30501884155433,91.22025976253838,69.32935224813711,70.00785979393484,69.62238564793843,65.49675540184693,79.76732577526026,191.9676435086885,354.4027742916356,122.628588208455,96.41082749621724,78.97628919078568,87.99022271242559
65,BasaFillet,Basa_Fillet_210825174840.mzML,2729.594268266873,124.0266217827797,169.46889691523148,310.2411178030665,288.8096466716337,131.03099175705964,190.8470186821614,100.26365914360676,75.06781957697635,75.47794807427033,74.05304528591847,73.9558107706674,86.37469424729595,212.157207791162,392.27254765853326,135.07676616040197,105.15199416953628,90.60656642525976,94.7119153513122
66,BasaFillet,Basa_Fillet_210825174924.mzML,2530.399149729618,84.69015550613403,180.65843003590905,236.0727742718799,278.1561944189956,138.74576103698897,153.8969766399397,103.183692254216,92.53570783238904,84.19608926640885,83.56900502914117,83.383801441042,95.72326054193768,177.06617963120112,299.9881506625236,128.64271014282744,105.02157529333708,97.07254616386504,107.79613956088184
67,BasaFillet,Basa_Fillet_210825175014.mzML,3220.564451170884,191.32458367943764,180.01559219644184,351.6243450504318,356.4185037484881,173.02528925117844,215.1380240593856,117.48516447226434,85.73853967736595,89.42498077740905,86.3984330708274,86.34444047118481,107.46778546797738,242.30891843727792,428.3943091604119,163.20871529110715,122.5897291563907,106.7248252907075,116.9322719125963
68,BasaFillet,Basa_Fillet_210825175107.mzML,2821.563498852991,119.8441504438718,118.36672777533532,255.7857197078921,265.1371666754732,158.8626976301395,180.22278280114384,120.5370265565173,102.89033885947224,95.44075885415891,103.2227484063571,99.83485523971152,116.93388140786882,233.69317264432516,344.59485315792534,140.79226649373055,129.3126183977405,116.52130198945233,119.57043181187554
69,BasaFillet,Basa_Fillet_210825175215.mzML,1865.6971786320364,97.31728454828264,219.1924082174188,217.4105949210871,158.17852317742884,87.85862679834185,101.45719879754894,69.60863300608995,78.27008774781025,56.27718106290564,55.72579337404275,56.7907758224358,62.46758818277051,115.95017388503382,186.43273421218169,90.94581389507164,69.01713899406815,65.31344897972991,77.48317300978862
70,BasaFillet,Basa_Fillet_210825180117.mzML,2438.9430862950435,74.7013575633367,180.13417350649837,278.95531541705134,241.66751740972197,139.8910002598214,154.0887264088635,96.13034465544028,77.25211232229316,80.31484197439026,83.99829838831744,83.50700045409783,90.29390565085212,166.53437200786996,279.70065679262296,117.93823490107135,109.3547067409838,93.13290147339316,91.347620368418
71,BasaFillet,Basa_Fillet_210825180213.mzML,2966.0057508348896,163.5511558055878,211.27303786079085,332.90196869024714,310.3685663226749,160.9637482121786,180.46824786977925,115.53214596461558,92.54977837592932,89.33110448725469,90.93234580694694,89.78250272074484,101.79733993049544,196.0656335654504,366.5049813302836,132.8376969111115,113.85340600084442,109.84004745341916,107.4520435265354
72,BasaFillet,Basa_Fillet_210825180307.mzML,2501.836351627111,98.54905381798744,296.77500565648074,228.19293321096703,237.89775937309687,147.32422520802564,140.73191852227723,92.64812834408824,91.41561698403966,83.16781065405267,84.44777613682987,82.6645774769787,92.6478965443898,150.4983653788618,243.22175921142528,115.93940855698916,102.04566048248996,104.99553069495204,108.672925373179
73,BasaFillet,Basa_Fillet_210825180401.mzML,2474.7175731715056,121.09771153330804,334.27085368235913,188.85246747811303,195.68399484006653,116.22225815053024,130.4952885364482,98.68425192577168,92.8312731689184,90.68798690834262,88.10959171298705,86.04764917150449,95.04978085256572,150.04916590456438,239.84405956684864,123.63743402819507,110.8121559053116,109.235845439262,103.1058043664084
74,BasaFillet,Basa_Fillet_210825180937.mzML,2268.722594218667,168.51651020844778,156.21590906381607,239.8705684599422,234.8446252794966,110.83517000457168,133.011638392665,86.51387174309676,74.26054677584817,72.32512461263983,66.98776633077196,66.5444826065978,82.46176831202155,146.08131249014477,257.98305103583345,108.55919031416576,88.53910844589737,85.72659706574646,89.44535307696363
75,BasaFillet,Basa_Fillet_210825181226.mzML,2414.28580436483,132.28022634983063,183.41383896271387,271.01295747993487,252.94223752702985,115.66816956878657,137.92921248903178,94.8781391116405,97.47487590684491,73.90860716870851,76.85710334829868,78.28413608416078,87.76015194559857,160.3795823833742,278.0540405450583,109.92505222038696,92.9173915392524,83.78039181054908,86.81968992362883
76,BasaFillet,Basa_Fillet_210825181319.mzML,2904.8274913021987,336.8879411419233,162.14774772524834,255.8490451288688,286.415802419848,140.5811765506389,176.2619320447347,113.4761919278688,83.23358404137097,85.46625742090073,86.88322789192824,83.7055002887789,99.85188973309089,193.8251957709243,356.5780542118091,135.8679259060607,108.98357137977776,97.79445287956058,101.0179948388654
77,BasaFillet,Basa_Fillet_210825181447.mzML,2781.7425676869416,234.24958100914955,159.6768156091372,257.6604966268394,273.66215324012234,125.16593475830332,178.23424285202142,98.70331284208756,85.48432834770688,90.11985164863223,95.659761411028,92.0143577345038,103.62646076647135,191.14136452785817,327.3625863828889,137.86979979892666,115.57817607732989,108.54654751573514,106.9867965381996
78,BasaFillet,Basa_Fillet_210825181557.mzML,2664.6501333096144,154.66904187202454,128.22080120841662,283.7729214109125,272.25850599450297,148.12627452435078,168.6404507732663,98.32280345666209,91.71605370354612,84.69867597244692,84.9751546414784,70.1846489771749,91.31433481780182,206.77829660568992,349.8666640675372,137.57781014645784,106.92778789183258,91.81560290978123,94.78430433573163
79,BasaFillet,Basa_Fillet_210825181747.mzML,3510.330077863414,210.08801861604056,267.26191378037134,369.60654469364215,337.81139031250024,196.34225913536,206.44991487020175,124.95834289724672,111.37466594764908,113.39128944527825,103.87287410530908,100.33843850389428,121.22415365504476,257.3422975243828,443.4095384080329,166.48741544859226,134.34800912092726,120.89534654368018,125.12766485526048
80,BasaFillet,Basa_Fillet_210825181851.mzML,2647.483570166699,162.86008115609488,179.36377445459362,296.9186393368812,237.58793582641027,141.68759326588096,157.08284495086127,99.05888251632317,78.88787411507677,83.4943875885993,71.99813725099553,79.2716098200297,90.00156903077178,185.88910356351607,347.39012925155544,139.37809539708792,106.697238535718,92.95934089302814,96.95633321327472
81,BasaFillet,Basa_Fillet_210825182018.mzML,3088.008708333829,154.09276833136877,340.3561830043793,320.15226022771424,281.15236065856044,149.07103536512173,176.6048412037747,119.0632205697709,95.04863346318702,108.25263500029348,101.06335826774476,96.85425195889114,112.19383289564338,204.70838414895573,354.54808761089873,144.40324804797356,110.37011567575207,108.7663226009905,111.30716930280852
82,BasaFillet,Basa_Fillet_210825182132.mzML,2615.783455708005,146.13612389564514,466.1968373318513,218.1706007673627,195.5626303441124,126.33054274905732,126.93439600116764,103.62433181583538,77.19147776994441,88.000699476401,79.58715118337935,87.29940477478665,87.1817454716129,150.36601178834908,247.26810940959555,115.30626509997582,102.42956276863436,95.4116212460365,102.78594381425788
83,BasaFillet,Basa_Fillet_210825182225.mzML,3217.6333292021227,200.714381535848,553.4901598344246,234.76619879073567,256.34740933817704,146.50821033198378,160.89946556520292,118.13630635665282,102.97998970749572,97.7224035158352,99.20983674417327,104.57141349938036,114.5748194272939,199.7425016704145,322.543059328345,152.22796376311032,124.5766073284852,111.05098481887804,117.57161764568636
84,BasaFillet,Basa_Fillet_210825182324.mzML,2348.844425231969,135.0440834760666,230.8729036609332,208.79501814842223,212.2034265319377,101.30442925602088,129.07787099537396,92.1456768551722,89.32979306228579,89.0321358752156,73.98234882900384,85.87737585977354,91.10098667025328,154.6372542204058,241.34919210296704,113.11001868063236,106.26307598295324,97.26957284917926,97.44926217537274
85,BasaFillet,Basa_Fillet_210825182818.mzML,2408.4158882105094,114.12779411673544,274.23177066019605,184.2531547188759,227.80147854373564,110.44200896739444,149.5568501749897,95.59709262527846,87.96274008904476,84.78400039383176,84.1081673045188,91.57716443416508,87.4235716929413,151.65815359079005,227.78508249670955,121.92186638537126,104.22452140323487,102.08371693161796,108.87675368107811
86,BasaFillet,Basa_Fillet_210825182917.mzML,2017.7696044538257,142.8920606970787,98.31954344823248,165.07567458294687,205.7004860145705,104.90779933016157,118.33383268595028,77.98066840960357,70.0198920258884,67.46874475454183,62.10494966760057,65.1068354487419,82.50199509861521,149.9191314603606,249.1987007582513,105.79987486382552,88.73645185605768,85.3591081735604,78.34385517783838
87,BasaFillet,Basa_Fillet_210825183016.mzML,2302.270441697695,116.30055209000903,203.12392521301905,207.48797564194317,216.61061411169703,123.49562824117758,126.68748104933536,83.97921523801435,80.22622120834532,83.3250733525507,78.33271920444473,82.37387466379057,89.15098992414381,162.01643949698547,256.2682793533881,117.49994572678187,94.20030262502416,90.86783178636544,90.32337277067911
88,BasaFillet,Basa_Fillet_210825184036.mzML,3212.5171158146845,266.53656190633774,172.1723200023174,359.6770963202265,330.3922245648366,157.12390543497818,209.93952332803653,126.67949535504972,102.62755688045706,94.66083977782364,93.8876952044182,96.27381965498644,108.75583311909476,220.60917572133545,386.93063232539765,153.04876597341325,118.0053110504858,105.73537158798236,109.46098760750758
89,BasaFillet,Basa_Fillet_210825184659.mzML,2706.468671475028,177.27010689179104,325.16964719295504,264.7598027095134,234.45940805566084,119.58155840242664,168.07784050638543,107.3862535255468,88.51485284169515,81.44774154036764,90.8996864440508,85.5504936110988,100.20152034867894,167.14036103861184,275.710330547375,117.68888846558472,103.36114400505537,100.16866758474636,99.08036776348392
90,BasaFillet,Basa_Fillet_210825184937.mzML,2011.607733705936,92.01648593857176,179.88161508884184,96.33739671196534,126.70579409575568,91.30030568195431,111.05866331318992,88.53206393938297,82.2155854398274,90.33645287517416,92.54782509467498,94.21135192212434,103.5969228412158,140.4854696969165,165.79153553104044,118.34030095053522,117.00007203830384,112.54468716208451,108.7052053843771
91,BasaFillet,Basa_Fillet_210825185201.mzML,1988.622592315948,68.44665799538295,99.84632070859271,160.25306605299312,179.56551297486777,95.11112348735334,116.63319341218664,103.04079498558762,85.8485189559914,75.74714363231546,82.28719099750596,74.18253936081652,91.0661097552912,142.0906533106141,204.5866209377031,110.3217077765142,98.86414539470933,97.84243698396008,102.88885559356254
92,BasaFillet,Basa_Fillet_210825185441.mzML,2313.874077763553,134.88432735204697,251.9482925097148,180.51514044801397,204.91754707992075,94.69354840034528,122.18158286985812,98.18008746712928,85.38093498817513,84.63508123660843,88.99946305581501,87.13706070785486,97.4976343917468,160.45109861443854,220.9101585618007,114.87913070261948,98.53727662092886,97.80927337891968,90.31643937761648
93,BasaFillet,Basa_Fillet_210825185546.mzML,1683.999303078963,116.74626910686491,98.1878414650758,108.96762493451436,159.4222852529987,74.97841065261098,96.01194263356074,70.34822343937934,63.21560069436119,65.64588569065737,68.64076005603584,61.98246111148323,72.57895564517334,120.21207718611414,174.33442079442884,95.00597927043252,83.41989222800812,81.79474839126479,72.50592452599889
94,BasaFillet,Basa_Fillet_210825185645.mzML,1375.6891767253146,35.31516766548157,36.44733542203903,120.16433132489522,151.9161406993866,62.315920390685406,83.91095824766728,59.01367890636126,58.831582256158185,52.53043925790559,60.62312859949611,53.56870396506218,60.98740176061789,99.84674589906878,157.03843293715616,87.51089096495546,67.03012956494376,73.07831997762597,55.5598688858078
95,BasaFillet,Basa_Fillet_210825185855.mzML,2815.2433593946657,133.15954267978668,496.5366666648553,196.4218048856372,228.57875270867163,121.64074115653833,136.52529060301327,110.94097762339648,89.48162699815255,104.35416398346422,92.80633442714829,101.52914944309856,113.00241118919732,171.27689176292935,248.4353558497913,122.73448038552117,119.75325743046088,114.25135213751824,113.81455946548516
96,BasaFillet,Basa_Fillet_210825190001.mzML,4076.188101400669,34.71277606487274,611.1995333157835,411.81731715565456,384.06104463750415,153.71895885027587,208.5134251524532,151.44480045977093,104.73628383903277,101.82491067846615,117.49788167277973,124.31711529351416,279.1129578817759,398.4535739182624,325.9166065519715,166.20296853011618,156.08568819920603,176.55185674805583,170.02040245117325
97,BasaFillet,Basa_Fillet_210825190004.mzML,2341.2372740694204,91.73567914962769,289.5495857099692,161.69815756181873,194.5376543706372,99.16761569182076,120.783902169835,105.77189914197118,85.12297759302079,91.9710854435724,84.69914426462991,83.4475186971918,96.07720401501902,155.4940733830692,229.91973387745736,126.22292584132536,107.89315043000336,107.75466866901505,109.39029805943626
98,BasaFillet,Basa_Fillet_210825190110.mzML,1152.2584381221327,14.854459464550018,87.50421303510666,87.63646902441978,95.47754522647176,47.84029920299848,61.827586099931175,52.96172957155439,46.50644571014813,50.39609287551471,54.16643577814102,41.171188322703046,52.48557803999811,82.70164972686955,122.34042234229564,72.27222256941714,62.01921438972155,53.19307224320041,66.90381449909094
99,BasaFillet,Basa_Fillet_210825191013.mzML,2889.413255275509,27.92520362138748,381.3959099596455,287.0550408406864,209.51376733690032,113.11324684932114,151.20722958781417,110.637504364763,90.44421254557275,95.95948242587704,96.56040692939644,98.3035509072126,193.77355036081397,279.4432665558673,222.73885791456885,132.9357213073976,129.3862294417634,126.05386615525208,142.96620817126924
